cub_id,inat_taxon_id,ebird_species_code,taxon_order,kingdom,phylum,class,order,family,genus,specific_epithet,scientific_name,kingdom_common_name,phylum_common_name,class_common_name,order_common_name,family_common_name,genus_common_name,common_name
46,558439,gadwal,468.0,Animalia,Chordata,Aves,Anseriformes,Anatidae,Mareca,strepera,Mareca strepera,Animals,Chordates,Birds,Waterfowl,"Ducks, Geese, and Swans",Wigeons and Allies,Gadwall
87,6930,mallar3,505.0,Animalia,Chordata,Aves,Anseriformes,Anatidae,Anas,platyrhynchos,Anas platyrhynchos,Animals,Chordates,Birds,Waterfowl,"Ducks, Geese, and Swans","Mallards, Pintails, and Allies",Mallard
89,7109,hoomer,700.0,Animalia,Chordata,Aves,Anseriformes,Anatidae,Lophodytes,cucullatus,Lophodytes cucullatus,Animals,Chordates,Birds,Waterfowl,"Ducks, Geese, and Swans",,Hooded Merganser
90,6996,rebmer,716.0,Animalia,Chordata,Aves,Anseriformes,Anatidae,Mergus,serrator,Mergus serrator,Animals,Chordates,Birds,Waterfowl,"Ducks, Geese, and Swans",Typical Mergansers,Red-breasted Merganser
52,4246,pibgre,1813.0,Animalia,Chordata,Aves,Podicipediformes,Podicipedidae,Podilymbus,podiceps,Podilymbus podiceps,Animals,Chordates,Birds,Grebes,Grebes,Pied-billed and Atitlán Grebes,Pied-billed Grebe
51,4209,horgre,1824.0,Animalia,Chordata,Aves,Podicipediformes,Podicipedidae,Podiceps,auritus,Podiceps auritus,Animals,Chordates,Birds,Grebes,Grebes,Typical Grebes,Horned Grebe
50,4205,eargre,1834.0,Animalia,Chordata,Aves,Podicipediformes,Podicipedidae,Podiceps,nigricollis,Podiceps nigricollis,Animals,Chordates,Birds,Grebes,Grebes,Typical Grebes,Eared Grebe
53,4235,wesgre,1846.0,Animalia,Chordata,Aves,Podicipediformes,Podicipedidae,Aechmophorus,occidentalis,Aechmophorus occidentalis,Animals,Chordates,Birds,Grebes,Grebes,Western and Clark's Grebes,Western Grebe
4,1972,grbani,3002.0,Animalia,Chordata,Aves,Cuculiformes,Cuculidae,Crotophaga,sulcirostris,Crotophaga sulcirostris,Animals,Chordates,Birds,Cuckoos,Cuckoos,Anis,Groove-billed Ani
110,1986,greroa,3013.0,Animalia,Chordata,Aves,Cuculiformes,Cuculidae,Geococcyx,californianus,Geococcyx californianus,Animals,Chordates,Birds,Cuckoos,Cuckoos,Roadrunners,Greater Roadrunner
33,1965,yebcuc,3206.0,Animalia,Chordata,Aves,Cuculiformes,Cuculidae,Coccyzus,americanus,Coccyzus americanus,Animals,Chordates,Birds,Cuckoos,Cuckoos,Coccyzus Cuckoos,Yellow-billed Cuckoo
32,1964,mancuc,3209.0,Animalia,Chordata,Aves,Cuculiformes,Cuculidae,Coccyzus,minor,Coccyzus minor,Animals,Chordates,Birds,Cuckoos,Cuckoos,Coccyzus Cuckoos,Mangrove Cuckoo
31,1960,bkbcuc,3211.0,Animalia,Chordata,Aves,Cuculiformes,Cuculidae,Coccyzus,erythropthalmus,Coccyzus erythropthalmus,Animals,Chordates,Birds,Cuckoos,Cuckoos,Coccyzus Cuckoos,Black-billed Cuckoo
92,19577,comnig,3482.0,Animalia,Chordata,Aves,Caprimulgiformes,Caprimulgidae,Chordeiles,minor,Chordeiles minor,Animals,Chordates,Birds,"Nightjars, Swifts, Hummingbirds, and Allies",Nightjars and Nighthawks,Typical Nighthawks,Common Nighthawk
22,199833,chwwid,3584.0,Animalia,Chordata,Aves,Caprimulgiformes,Caprimulgidae,Antrostomus,carolinensis,Antrostomus carolinensis,Animals,Chordates,Birds,"Nightjars, Swifts, Hummingbirds, and Allies",Nightjars and Nighthawks,Typical American Nightjars,Chuck-will's-widow
105,199837,easwpw1,3604.0,Animalia,Chordata,Aves,Caprimulgiformes,Caprimulgidae,Antrostomus,vociferus,Antrostomus vociferus,Animals,Chordates,Birds,"Nightjars, Swifts, Hummingbirds, and Allies",Nightjars and Nighthawks,Typical American Nightjars,Eastern Whip-poor-will
70,508366,grnvie1,4301.0,Animalia,Chordata,Aves,Caprimulgiformes,Trochilidae,Colibri,thalassinus,Colibri thalassinus,Animals,Chordates,Birds,"Nightjars, Swifts, Hummingbirds, and Allies",Hummingbirds,Violetears,Mexican Violetear
68,6432,rthhum,4741.0,Animalia,Chordata,Aves,Caprimulgiformes,Trochilidae,Archilochus,colubris,Archilochus colubris,Animals,Chordates,Birds,"Nightjars, Swifts, Hummingbirds, and Allies",Hummingbirds,Ruby-throated and Black-chinned Hummingbirds,Ruby-throated Hummingbird
67,6317,annhum,4752.0,Animalia,Chordata,Aves,Caprimulgiformes,Trochilidae,Calypte,anna,Calypte anna,Animals,Chordates,Birds,"Nightjars, Swifts, Hummingbirds, and Allies",Hummingbirds,Anna's and Costa's Hummingbirds,Anna's Hummingbird
69,6363,rufhum,4763.0,Animalia,Chordata,Aves,Caprimulgiformes,Trochilidae,Selasphorus,rufus,Selasphorus rufus,Animals,Chordates,Birds,"Nightjars, Swifts, Hummingbirds, and Allies",Hummingbirds,"Rufous, Allen's, and Allied Hummingbirds",Rufous Hummingbird
72,4491,pomjae,6274.0,Animalia,Chordata,Aves,Charadriiformes,Stercorariidae,Stercorarius,pomarinus,Stercorarius pomarinus,Animals,Chordates,Birds,"Gulls, Buttonquails, Sandpipers, Plovers and Allies",Skuas and Jaegers,Jaegers,Pomarine Jaeger
71,4481,lotjae,6277.0,Animalia,Chordata,Aves,Charadriiformes,Stercorariidae,Stercorarius,longicaudus,Stercorarius longicaudus,Animals,Chordates,Birds,"Gulls, Buttonquails, Sandpipers, Plovers and Allies",Skuas and Jaegers,Jaegers,Long-tailed Jaeger
58,4415,piggui,6313.0,Animalia,Chordata,Aves,Charadriiformes,Alcidae,Cepphus,columba,Cepphus columba,Animals,Chordates,Birds,"Gulls, Buttonquails, Sandpipers, Plovers and Allies","Auks, Murres, Guillemots, and Puffins",True Guillemots,Pigeon Guillemot
7,4543,parauk,6339.0,Animalia,Chordata,Aves,Charadriiformes,Alcidae,Aethia,psittacula,Aethia psittacula,Animals,Chordates,Birds,"Gulls, Buttonquails, Sandpipers, Plovers and Allies","Auks, Murres, Guillemots, and Puffins",Typical Auklets,Parakeet Auklet
6,4544,leaauk,6340.0,Animalia,Chordata,Aves,Charadriiformes,Alcidae,Aethia,pusilla,Aethia pusilla,Animals,Chordates,Birds,"Gulls, Buttonquails, Sandpipers, Plovers and Allies","Auks, Murres, Guillemots, and Puffins",Typical Auklets,Least Auklet
5,4542,creauk,6342.0,Animalia,Chordata,Aves,Charadriiformes,Alcidae,Aethia,cristatella,Aethia cristatella,Animals,Chordates,Birds,"Gulls, Buttonquails, Sandpipers, Plovers and Allies","Auks, Murres, Guillemots, and Puffins",Typical Auklets,Crested Auklet
8,4553,rhiauk,6343.0,Animalia,Chordata,Aves,Charadriiformes,Alcidae,Cerorhinca,monocerata,Cerorhinca monocerata,Animals,Chordates,Birds,"Gulls, Buttonquails, Sandpipers, Plovers and Allies","Auks, Murres, Guillemots, and Puffins",Rhinoceros Auklets,Rhinoceros Auklet
106,4508,horpuf,6349.0,Animalia,Chordata,Aves,Charadriiformes,Alcidae,Fratercula,corniculata,Fratercula corniculata,Animals,Chordates,Birds,"Gulls, Buttonquails, Sandpipers, Plovers and Allies","Auks, Murres, Guillemots, and Puffins",Puffins,Horned Puffin
84,4493,relkit,6358.0,Animalia,Chordata,Aves,Charadriiformes,Laridae,Rissa,brevirostris,Rissa brevirostris,Animals,Chordates,Birds,"Gulls, Buttonquails, Sandpipers, Plovers and Allies","Gulls, Terns, and Skimmers",Kittiwakes,Red-legged Kittiwake
63,4555,ivogul,6360.0,Animalia,Chordata,Aves,Charadriiformes,Laridae,Pagophila,eburnea,Pagophila eburnea,Animals,Chordates,Birds,"Gulls, Buttonquails, Sandpipers, Plovers and Allies","Gulls, Terns, and Skimmers",,Ivory Gull
61,4353,heegul,6418.0,Animalia,Chordata,Aves,Charadriiformes,Laridae,Larus,heermanni,Larus heermanni,Animals,Chordates,Birds,"Gulls, Buttonquails, Sandpipers, Plovers and Allies","Gulls, Terns, and Skimmers",Large White-headed Gulls,Heermann's Gull
64,4364,ribgul,6427.0,Animalia,Chordata,Aves,Charadriiformes,Laridae,Larus,delawarensis,Larus delawarensis,Animals,Chordates,Birds,"Gulls, Buttonquails, Sandpipers, Plovers and Allies","Gulls, Terns, and Skimmers",Large White-headed Gulls,Ring-billed Gull
66,4345,wesgul,6432.0,Animalia,Chordata,Aves,Charadriiformes,Laridae,Larus,occidentalis,Larus occidentalis,Animals,Chordates,Birds,"Gulls, Buttonquails, Sandpipers, Plovers and Allies","Gulls, Terns, and Skimmers",Large White-headed Gulls,Western Gull
59,4385,calgul,6437.0,Animalia,Chordata,Aves,Charadriiformes,Laridae,Larus,californicus,Larus californicus,Animals,Chordates,Birds,"Gulls, Buttonquails, Sandpipers, Plovers and Allies","Gulls, Terns, and Skimmers",Large White-headed Gulls,California Gull
62,204533,hergul,6440.0,Animalia,Chordata,Aves,Charadriiformes,Laridae,Larus,argentatus,Larus argentatus,Animals,Chordates,Birds,"Gulls, Buttonquails, Sandpipers, Plovers and Allies","Gulls, Terns, and Skimmers",Large White-headed Gulls,Herring Gull
65,4366,slbgul,6482.0,Animalia,Chordata,Aves,Charadriiformes,Laridae,Larus,schistisagus,Larus schistisagus,Animals,Chordates,Birds,"Gulls, Buttonquails, Sandpipers, Plovers and Allies","Gulls, Terns, and Skimmers",Large White-headed Gulls,Slaty-backed Gull
60,4399,glwgul,6484.0,Animalia,Chordata,Aves,Charadriiformes,Laridae,Larus,glaucescens,Larus glaucescens,Animals,Chordates,Birds,"Gulls, Buttonquails, Sandpipers, Plovers and Allies","Gulls, Terns, and Skimmers",Large White-headed Gulls,Glaucous-winged Gull
147,144530,leater1,6569.0,Animalia,Chordata,Aves,Charadriiformes,Laridae,Sternula,antillarum,Sternula antillarum,Animals,Chordates,Birds,"Gulls, Buttonquails, Sandpipers, Plovers and Allies","Gulls, Terns, and Skimmers",Small Terns,Least Tern
143,144537,caster1,6598.0,Animalia,Chordata,Aves,Charadriiformes,Laridae,Hydroprogne,caspia,Hydroprogne caspia,Animals,Chordates,Birds,"Gulls, Buttonquails, Sandpipers, Plovers and Allies","Gulls, Terns, and Skimmers",,Caspian Tern
142,4512,blkter,6600.0,Animalia,Chordata,Aves,Charadriiformes,Laridae,Chlidonias,niger,Chlidonias niger,Animals,Chordates,Birds,"Gulls, Buttonquails, Sandpipers, Plovers and Allies","Gulls, Terns, and Skimmers",Marsh Terns,Black Tern
144,4450,comter,6623.0,Animalia,Chordata,Aves,Charadriiformes,Laridae,Sterna,hirundo,Sterna hirundo,Animals,Chordates,Birds,"Gulls, Buttonquails, Sandpipers, Plovers and Allies","Gulls, Terns, and Skimmers",Typical Terns,Common Tern
141,4449,arcter,6630.0,Animalia,Chordata,Aves,Charadriiformes,Laridae,Sterna,paradisaea,Sterna paradisaea,Animals,Chordates,Birds,"Gulls, Buttonquails, Sandpipers, Plovers and Allies","Gulls, Terns, and Skimmers",Typical Terns,Arctic Tern
146,4457,forter,6643.0,Animalia,Chordata,Aves,Charadriiformes,Laridae,Sterna,forsteri,Sterna forsteri,Animals,Chordates,Birds,"Gulls, Buttonquails, Sandpipers, Plovers and Allies","Gulls, Terns, and Skimmers",Typical Terns,Forster's Tern
145,144542,eleter1,6665.0,Animalia,Chordata,Aves,Charadriiformes,Laridae,Thalasseus,elegans,Thalasseus elegans,Animals,Chordates,Birds,"Gulls, Buttonquails, Sandpipers, Plovers and Allies","Gulls, Terns, and Skimmers",Crested Terns,Elegant Tern
86,4621,pacloo,6718.0,Animalia,Chordata,Aves,Gaviiformes,Gaviidae,Gavia,pacifica,Gavia pacifica,Animals,Chordates,Birds,Loons,Loons,Loons,Pacific Loon
3,4192,sooalb1,6775.0,Animalia,Chordata,Aves,Procellariiformes,Diomedeidae,Phoebetria,fusca,Phoebetria fusca,Animals,Chordates,Birds,"Albatrosses, Petrels, and Allies",Albatrosses,Sooty Albatrosses,Sooty Albatross
2,4144,layalb,6788.0,Animalia,Chordata,Aves,Procellariiformes,Diomedeidae,Phoebastria,immutabilis,Phoebastria immutabilis,Animals,Chordates,Birds,"Albatrosses, Petrels, and Allies",Albatrosses,North Pacific Albatrosses,Laysan Albatross
1,4141,bkfalb,6789.0,Animalia,Chordata,Aves,Procellariiformes,Diomedeidae,Phoebastria,nigripes,Phoebastria nigripes,Animals,Chordates,Birds,"Albatrosses, Petrels, and Allies",Albatrosses,North Pacific Albatrosses,Black-footed Albatross
45,4180,norful,6869.0,Animalia,Chordata,Aves,Procellariiformes,Procellariidae,Fulmarus,glacialis,Fulmarus glacialis,Animals,Chordates,Birds,"Albatrosses, Petrels, and Allies",Shearwaters and Petrels,Fulmars,Northern Fulmar
44,4631,magfri,7089.0,Animalia,Chordata,Aves,Suliformes,Fregatidae,Fregata,magnificens,Fregata magnificens,Animals,Chordates,Birds,"Gannets, Cormorants, and Allies",Frigatebirds,Frigatebirds,Magnificent Frigatebird
23,1289607,bracor,7151.0,Animalia,Chordata,Aves,Suliformes,Phalacrocoracidae,Urile,penicillatus,Urile penicillatus,Animals,Chordates,Birds,"Gannets, Cormorants, and Allies",Cormorants and Shags,North Pacific Cormorants,Townsend's Cormorant
24,1289606,refcor,7152.0,Animalia,Chordata,Aves,Suliformes,Phalacrocoracidae,Urile,urile,Urile urile,Animals,Chordates,Birds,"Gannets, Cormorants, and Allies",Cormorants and Shags,North Pacific Cormorants,Red-faced Cormorant
25,1289605,pelcor,7153.0,Animalia,Chordata,Aves,Suliformes,Phalacrocoracidae,Urile,pelagicus,Urile pelagicus,Animals,Chordates,Birds,"Gannets, Cormorants, and Allies",Cormorants and Shags,North Pacific Cormorants,Pelagic Cormorant
100,4328,brnpel,7224.0,Animalia,Chordata,Aves,Pelecaniformes,Pelecanidae,Pelecanus,occidentalis,Pelecanus occidentalis,Animals,Chordates,Birds,"Pelicans, Herons, Ibises, and Allies",Pelicans,Pelicans,Brown Pelican
101,4327,grwpel1,7232.0,Animalia,Chordata,Aves,Pelecaniformes,Pelecanidae,Pelecanus,onocrotalus,Pelecanus onocrotalus,Animals,Chordates,Birds,"Pelicans, Herons, Ibises, and Allies",Pelicans,Pelicans,Great White Pelican
83,204519,whtkin2,9712.0,Animalia,Chordata,Aves,Coraciiformes,Alcedinidae,Halcyon,smyrnensis,Halcyon smyrnensis,Animals,Chordates,Birds,Kingfishers and Allies,Kingfishers,Typical Woodland Kingfishers,White-throated Kingfisher
82,2552,rinkin1,9934.0,Animalia,Chordata,Aves,Coraciiformes,Alcedinidae,Megaceryle,torquata,Megaceryle torquata,Animals,Chordates,Birds,Kingfishers and Allies,Kingfishers,Large Crested Kingfishers,Ringed Kingfisher
79,2548,belkin1,9939.0,Animalia,Chordata,Aves,Coraciiformes,Alcedinidae,Megaceryle,alcyon,Megaceryle alcyon,Animals,Chordates,Birds,Kingfishers and Allies,Kingfishers,Large Crested Kingfishers,Belted Kingfisher
81,2662,piekin1,9940.0,Animalia,Chordata,Aves,Coraciiformes,Alcedinidae,Ceryle,rudis,Ceryle rudis,Animals,Chordates,Birds,Kingfishers and Allies,Kingfishers,Pied Kingfishers,Pied Kingfisher
80,2669,grnkin,9949.0,Animalia,Chordata,Aves,Coraciiformes,Alcedinidae,Chloroceryle,americana,Chloroceryle americana,Animals,Chordates,Birds,Kingfishers and Allies,Kingfishers,American Green Kingfishers,Green Kingfisher
191,18204,rehwoo,10834.0,Animalia,Chordata,Aves,Piciformes,Picidae,Melanerpes,erythrocephalus,Melanerpes erythrocephalus,Animals,Chordates,Birds,"Woodpeckers, Barbets, and Allies",Woodpeckers,Melanerpes Woodpeckers,Red-headed Woodpecker
189,18205,rebwoo,10887.0,Animalia,Chordata,Aves,Piciformes,Picidae,Melanerpes,carolinus,Melanerpes carolinus,Animals,Chordates,Birds,"Woodpeckers, Barbets, and Allies",Woodpeckers,Melanerpes Woodpeckers,Red-bellied Woodpecker
187,17638,attwoo1,10904.0,Animalia,Chordata,Aves,Piciformes,Picidae,Picoides,dorsalis,Picoides dorsalis,Animals,Chordates,Birds,"Woodpeckers, Barbets, and Allies",Woodpeckers,Three-toed Woodpeckers,American Three-toed Woodpecker
192,792988,dowwoo,11083.0,Animalia,Chordata,Aves,Piciformes,Picidae,Dryobates,pubescens,Dryobates pubescens,Animals,Chordates,Birds,"Woodpeckers, Barbets, and Allies",Woodpeckers,Dryobates Woodpeckers,Downy Woodpecker
190,792993,recwoo,11109.0,Animalia,Chordata,Aves,Piciformes,Picidae,Dryobates,borealis,Dryobates borealis,Animals,Chordates,Birds,"Woodpeckers, Barbets, and Allies",Woodpeckers,Dryobates Woodpeckers,Red-cockaded Woodpecker
188,17855,pilwoo,11435.0,Animalia,Chordata,Aves,Piciformes,Picidae,Dryocopus,pileatus,Dryocopus pileatus,Animals,Chordates,Birds,"Woodpeckers, Barbets, and Allies",Woodpeckers,,Pileated Woodpecker
36,18236,norfli,11572.0,Animalia,Chordata,Aves,Piciformes,Picidae,Colaptes,auratus,Colaptes auratus,Animals,Chordates,Birds,"Woodpeckers, Barbets, and Allies",Woodpeckers,Flickers,Northern Flicker
40,16110,olsfly,16467.0,Animalia,Chordata,Aves,Passeriformes,Tyrannidae,Contopus,cooperi,Contopus cooperi,Animals,Chordates,Birds,Perching Birds,Tyrant Flycatchers,Pewees,Olive-sided Flycatcher
102,16079,wewpew,16489.0,Animalia,Chordata,Aves,Passeriformes,Tyrannidae,Contopus,sordidulus,Contopus sordidulus,Animals,Chordates,Birds,Perching Birds,Tyrant Flycatchers,Pewees,Western Wood-Pewee
43,16603,yebfly,16526.0,Animalia,Chordata,Aves,Passeriformes,Tyrannidae,Empidonax,flaviventris,Empidonax flaviventris,Animals,Chordates,Birds,Perching Birds,Tyrant Flycatchers,Empid Flycatchers,Yellow-bellied Flycatcher
37,16638,acafly,16527.0,Animalia,Chordata,Aves,Passeriformes,Tyrannidae,Empidonax,virescens,Empidonax virescens,Animals,Chordates,Birds,Perching Birds,Tyrant Flycatchers,Empid Flycatchers,Acadian Flycatcher
39,16602,leafly,16540.0,Animalia,Chordata,Aves,Passeriformes,Tyrannidae,Empidonax,minimus,Empidonax minimus,Animals,Chordates,Birds,Perching Birds,Tyrant Flycatchers,Empid Flycatchers,Least Flycatcher
103,17013,blkpho,16574.0,Animalia,Chordata,Aves,Passeriformes,Tyrannidae,Sayornis,nigricans,Sayornis nigricans,Animals,Chordates,Birds,Perching Birds,Tyrant Flycatchers,Phoebes,Black Phoebe
103,17008,easpho,16583.0,Animalia,Chordata,Aves,Passeriformes,Tyrannidae,Sayornis,phoebe,Sayornis phoebe,Animals,Chordates,Birds,Perching Birds,Tyrant Flycatchers,Phoebes,Eastern Phoebe
103,17009,saypho,16585.0,Animalia,Chordata,Aves,Passeriformes,Tyrannidae,Sayornis,saya,Sayornis saya,Animals,Chordates,Birds,Perching Birds,Tyrant Flycatchers,Phoebes,Say's Phoebe
42,16447,verfly,16604.0,Animalia,Chordata,Aves,Passeriformes,Tyrannidae,Pyrocephalus,rubinus,Pyrocephalus rubinus,Animals,Chordates,Birds,Perching Birds,Tyrant Flycatchers,,Vermilion Flycatcher
38,16028,grcfly,16907.0,Animalia,Chordata,Aves,Passeriformes,Tyrannidae,Myiarchus,crinitus,Myiarchus crinitus,Animals,Chordates,Birds,Perching Birds,Tyrant Flycatchers,Myiarchus Flycatchers,Great Crested Flycatcher
77,16787,trokin,17025.0,Animalia,Chordata,Aves,Passeriformes,Tyrannidae,Tyrannus,melancholicus,Tyrannus melancholicus,Animals,Chordates,Birds,Perching Birds,Tyrant Flycatchers,Kingbirds,Tropical Kingbird
78,16798,grykin,17044.0,Animalia,Chordata,Aves,Passeriformes,Tyrannidae,Tyrannus,dominicensis,Tyrannus dominicensis,Animals,Chordates,Birds,Perching Birds,Tyrant Flycatchers,Kingbirds,Gray Kingbird
41,16783,sctfly,17058.0,Animalia,Chordata,Aves,Passeriformes,Tyrannidae,Tyrannus,forficatus,Tyrannus forficatus,Animals,Chordates,Birds,Perching Birds,Tyrant Flycatchers,Kingbirds,Scissor-tailed Flycatcher
18,512108,spocat1,17096.0,Animalia,Chordata,Aves,Passeriformes,Ptilonorhynchidae,Ailuroedus,melanotis,Ailuroedus melanotis,Animals,Chordates,Birds,Perching Birds,Bowerbirds,Australo-Papuan Catbirds,Black-eared Catbird
151,73557,bkcvir1,18700.0,Animalia,Chordata,Aves,Passeriformes,Vireonidae,Vireo,atricapilla,Vireo atricapilla,Animals,Chordates,Birds,Perching Birds,"Vireos, Shrike-Babblers, and Erpornis",Vireos,Black-capped Vireo
156,17408,whevir,18702.0,Animalia,Chordata,Aves,Passeriformes,Vireonidae,Vireo,griseus,Vireo griseus,Animals,Chordates,Birds,Perching Birds,"Vireos, Shrike-Babblers, and Erpornis",Vireos,White-eyed Vireo
157,17365,yetvir,18752.0,Animalia,Chordata,Aves,Passeriformes,Vireonidae,Vireo,flavifrons,Vireo flavifrons,Animals,Chordates,Birds,Perching Birds,"Vireos, Shrike-Babblers, and Erpornis",Vireos,Yellow-throated Vireo
152,17402,buhvir,18758.0,Animalia,Chordata,Aves,Passeriformes,Vireonidae,Vireo,solitarius,Vireo solitarius,Animals,Chordates,Birds,Perching Birds,"Vireos, Shrike-Babblers, and Erpornis",Vireos,Blue-headed Vireo
153,17364,phivir,18774.0,Animalia,Chordata,Aves,Passeriformes,Vireonidae,Vireo,philadelphicus,Vireo philadelphicus,Animals,Chordates,Birds,Perching Birds,"Vireos, Shrike-Babblers, and Erpornis",Vireos,Philadelphia Vireo
155,17394,warvir,18775.0,Animalia,Chordata,Aves,Passeriformes,Vireonidae,Vireo,gilvus,Vireo gilvus,Animals,Chordates,Birds,Perching Birds,"Vireos, Shrike-Babblers, and Erpornis",Vireos,Warbling Vireo
154,891704,reevir1,18795.0,Animalia,Chordata,Aves,Passeriformes,Vireonidae,Vireo,olivaceus,Vireo olivaceus,Animals,Chordates,Birds,Perching Birds,"Vireos, Shrike-Babblers, and Erpornis",Vireos,Red-eyed Vireo
111,12024,logshr,20571.0,Animalia,Chordata,Aves,Passeriformes,Laniidae,Lanius,ludovicianus,Lanius ludovicianus,Animals,Chordates,Birds,Perching Birds,Shrikes,Typical Shrikes,Loggerhead Shrike
112,559070,norshr1,20592.0,Animalia,Chordata,Aves,Passeriformes,Laniidae,Lanius,excubitor,Lanius excubitor,Animals,Chordates,Birds,Perching Birds,Shrikes,Typical Shrikes,Great Grey Shrike
75,8474,grnjay,20724.0,Animalia,Chordata,Aves,Passeriformes,Corvidae,Cyanocorax,yncas,Cyanocorax yncas,Animals,Chordates,Birds,Perching Birds,"Crows, Jays, and Magpies",Cyanocorax Jays,Green Jay
73,8229,blujay,20786.0,Animalia,Chordata,Aves,Passeriformes,Corvidae,Cyanocitta,cristata,Cyanocitta cristata,Animals,Chordates,Birds,Perching Birds,"Crows, Jays, and Magpies",Blue and Steller's Jays,Blue Jay
74,7829,flsjay,20793.0,Animalia,Chordata,Aves,Passeriformes,Corvidae,Aphelocoma,coerulescens,Aphelocoma coerulescens,Animals,Chordates,Birds,Perching Birds,"Crows, Jays, and Magpies",Scrub-Jays and Allies,Florida Scrub Jay
93,8520,clanut,20980.0,Animalia,Chordata,Aves,Passeriformes,Corvidae,Nucifraga,columbiana,Nucifraga columbiana,Animals,Chordates,Birds,Perching Birds,"Crows, Jays, and Magpies",Nutcrackers,Clark's Nutcracker
29,8021,amecro,21054.0,Animalia,Chordata,Aves,Passeriformes,Corvidae,Corvus,brachyrhynchos,Corvus brachyrhynchos,Animals,Chordates,Birds,Perching Birds,"Crows, Jays, and Magpies","Crows, Ravens, Jackdaws, and Rook",American Crow
30,8001,fiscro,21068.0,Animalia,Chordata,Aves,Passeriformes,Corvidae,Corvus,ossifragus,Corvus ossifragus,Animals,Chordates,Birds,Perching Birds,"Crows, Jays, and Magpies","Crows, Ravens, Jackdaws, and Rook",Fish Crow
108,8004,whnrav1,21119.0,Animalia,Chordata,Aves,Passeriformes,Corvidae,Corvus,albicollis,Corvus albicollis,Animals,Chordates,Birds,Perching Birds,"Crows, Jays, and Magpies","Crows, Ravens, Jackdaws, and Rook",White-necked Raven
107,8010,comrav,21121.0,Animalia,Chordata,Aves,Passeriformes,Corvidae,Corvus,corax,Corvus corax,Animals,Chordates,Birds,Perching Birds,"Crows, Jays, and Magpies","Crows, Ravens, Jackdaws, and Rook",Common Raven
85,7294,horlar,22065.0,Animalia,Chordata,Aves,Passeriformes,Alaudidae,Eremophila,alpestris,Eremophila alpestris,Animals,Chordates,Birds,Perching Birds,Larks,Horned Larks,Horned Lark
138,11935,treswa,23533.0,Animalia,Chordata,Aves,Passeriformes,Hirundinidae,Tachycineta,bicolor,Tachycineta bicolor,Animals,Chordates,Birds,Perching Birds,Swallows and Martins,Tachycineta Swallows,Tree Swallow
135,11941,banswa,23564.0,Animalia,Chordata,Aves,Passeriformes,Hirundinidae,Riparia,riparia,Riparia riparia,Animals,Chordates,Birds,Perching Birds,Swallows and Martins,Sand Martins,Bank Swallow
136,11901,barswa,23610.0,Animalia,Chordata,Aves,Passeriformes,Hirundinidae,Hirundo,rustica,Hirundo rustica,Animals,Chordates,Birds,Perching Birds,Swallows and Martins,Typical Swallows,Barn Swallow
137,11858,cliswa,23704.0,Animalia,Chordata,Aves,Passeriformes,Hirundinidae,Petrochelidon,pyrrhonota,Petrochelidon pyrrhonota,Animals,Chordates,Birds,Perching Birds,Swallows and Martins,Cliff Swallows and Allies,Cliff Swallow
94,14801,whbnut,26356.0,Animalia,Chordata,Aves,Passeriformes,Sittidae,Sitta,carolinensis,Sitta carolinensis,Animals,Chordates,Birds,Perching Birds,Nuthatches,Nuthatches,White-breasted Nuthatch
28,7458,brncre,26441.0,Animalia,Chordata,Aves,Passeriformes,Certhiidae,Certhia,americana,Certhia americana,Animals,Chordates,Birds,Perching Birds,Treecreepers,Typical Treecreepers,Brown Creeper
198,7486,rocwre,26573.0,Animalia,Chordata,Aves,Passeriformes,Troglodytidae,Salpinctes,obsoletus,Salpinctes obsoletus,Animals,Chordates,Birds,Perching Birds,Wrens,,Rock Wren
196,7562,houwre,26614.0,Animalia,Chordata,Aves,Passeriformes,Troglodytidae,Troglodytes,aedon,Troglodytes aedon,Animals,Chordates,Birds,Perching Birds,Wrens,Troglodytes Wrens,House Wren
199,144883,winwre3,26721.0,Animalia,Chordata,Aves,Passeriformes,Troglodytidae,Troglodytes,hiemalis,Troglodytes hiemalis,Animals,Chordates,Birds,Perching Birds,Wrens,Troglodytes Wrens,Winter Wren
197,7601,marwre,26755.0,Animalia,Chordata,Aves,Passeriformes,Troglodytidae,Cistothorus,palustris,Cistothorus palustris,Animals,Chordates,Birds,Perching Birds,Wrens,Marsh Wrens and Allies,Marsh Wren
195,7513,carwre,26774.0,Animalia,Chordata,Aves,Passeriformes,Troglodytidae,Thryothorus,ludovicianus,Thryothorus ludovicianus,Animals,Chordates,Birds,Perching Birds,Wrens,Thryothorus Wrens,Carolina Wren
193,7576,bewwre,26787.0,Animalia,Chordata,Aves,Passeriformes,Troglodytidae,Thryomanes,bewickii,Thryomanes bewickii,Animals,Chordates,Birds,Perching Birds,Wrens,,Bewick's Wren
194,7470,cacwre,26833.0,Animalia,Chordata,Aves,Passeriformes,Troglodytidae,Campylorhynchus,brunneicapillus,Campylorhynchus brunneicapillus,Animals,Chordates,Birds,Perching Birds,Wrens,Large Wrens,Cactus Wren
134,14930,capgls1,27401.0,Animalia,Chordata,Aves,Passeriformes,Sturnidae,Lamprotornis,nitens,Lamprotornis nitens,Animals,Chordates,Birds,Perching Birds,Starlings,Glossy-Starlings and Allies,Red-shouldered Glossy-starling
19,14995,grycat,27413.0,Animalia,Chordata,Aves,Passeriformes,Mimidae,Dumetella,carolinensis,Dumetella carolinensis,Animals,Chordates,Birds,Perching Birds,Mockingbirds and Thrashers,,Gray Catbird
149,14898,brnthr,27451.0,Animalia,Chordata,Aves,Passeriformes,Mimidae,Toxostoma,rufum,Toxostoma rufum,Animals,Chordates,Birds,Perching Birds,Mockingbirds and Thrashers,Typical Thrashers,Brown Thrasher
150,15045,sagthr,27483.0,Animalia,Chordata,Aves,Passeriformes,Mimidae,Oreoscoptes,montanus,Oreoscoptes montanus,Animals,Chordates,Birds,Perching Birds,Mockingbirds and Thrashers,,Sage Thrasher
91,14886,normoc,27525.0,Animalia,Chordata,Aves,Passeriformes,Mimidae,Mimus,polyglottos,Mimus polyglottos,Animals,Chordates,Birds,Perching Birds,Mockingbirds and Thrashers,Typical Mockingbirds,Northern Mockingbird
185,7429,bohwax,29252.0,Animalia,Chordata,Aves,Passeriformes,Bombycillidae,Bombycilla,garrulus,Bombycilla garrulus,Animals,Chordates,Birds,Perching Birds,Waxwings,Waxwings,Bohemian Waxwing
186,7428,cedwax,29256.0,Animalia,Chordata,Aves,Passeriformes,Bombycillidae,Bombycilla,cedrorum,Bombycilla cedrorum,Animals,Chordates,Birds,Perching Birds,Waxwings,Waxwings,Cedar Waxwing
118,13858,houspa,30886.0,Animalia,Chordata,Aves,Passeriformes,Passeridae,Passer,domesticus,Passer domesticus,Animals,Chordates,Birds,Perching Birds,Old World Sparrows,True Sparrows,House Sparrow
104,13732,amepip,31227.0,Animalia,Chordata,Aves,Passeriformes,Motacillidae,Anthus,rubescens,Anthus rubescens,Animals,Chordates,Birds,Perching Birds,Wagtails and Pipits,Pipits,American Pipit
55,9800,evegro,31425.0,Animalia,Chordata,Aves,Passeriformes,Fringillidae,Coccothraustes,vespertinus,Coccothraustes vespertinus,Animals,Chordates,Birds,Perching Birds,"Finches, Euphonias, and Allies",Holarctic Grosbeaks,Evening Grosbeak
56,9771,pingro,31561.0,Animalia,Chordata,Aves,Passeriformes,Fringillidae,Pinicola,enucleator,Pinicola enucleator,Animals,Chordates,Birds,Perching Birds,"Finches, Euphonias, and Allies",,Pine Grosbeak
34,9617,gcrfin,31634.0,Animalia,Chordata,Aves,Passeriformes,Fringillidae,Leucosticte,tephrocotis,Leucosticte tephrocotis,Animals,Chordates,Birds,Perching Birds,"Finches, Euphonias, and Allies",Rosy-Finches and Asian Mountain-Finches,Gray-crowned Rosy-Finch
35,199841,purfin,31662.0,Animalia,Chordata,Aves,Passeriformes,Fringillidae,Haemorhous,purpureus,Haemorhous purpureus,Animals,Chordates,Birds,Perching Birds,"Finches, Euphonias, and Allies",American Rosefinches,Purple Finch
48,9398,eurgol,31889.0,Animalia,Chordata,Aves,Passeriformes,Fringillidae,Carduelis,carduelis,Carduelis carduelis,Animals,Chordates,Birds,Perching Birds,"Finches, Euphonias, and Allies",Eurasian Goldfinches and Citril Finches,Eurasian Goldfinch
47,145310,amegfi,31953.0,Animalia,Chordata,Aves,Passeriformes,Fringillidae,Spinus,tristis,Spinus tristis,Animals,Chordates,Birds,Perching Birds,"Finches, Euphonias, and Allies",Siskins and New World Goldfinches,American Goldfinch
121,10139,graspa,32268.0,Animalia,Chordata,Aves,Passeriformes,Passerellidae,Ammodramus,savannarum,Ammodramus savannarum,Animals,Chordates,Birds,Perching Birds,New World Sparrows,Grass Sparrows,Grasshopper Sparrow
116,9135,chispa,32315.0,Animalia,Chordata,Aves,Passeriformes,Passerellidae,Spizella,passerina,Spizella passerina,Animals,Chordates,Birds,Perching Birds,New World Sparrows,Spizella Sparrows,Chipping Sparrow
117,9148,clcspa,32321.0,Animalia,Chordata,Aves,Passeriformes,Passerellidae,Spizella,pallida,Spizella pallida,Animals,Chordates,Birds,Perching Birds,New World Sparrows,Spizella Sparrows,Clay-colored Sparrow
119,9152,fiespa,32328.0,Animalia,Chordata,Aves,Passeriformes,Passerellidae,Spizella,pusilla,Spizella pusilla,Animals,Chordates,Birds,Perching Birds,New World Sparrows,Spizella Sparrows,Field Sparrow
115,9144,brespa,32333.0,Animalia,Chordata,Aves,Passeriformes,Passerellidae,Spizella,breweri,Spizella breweri,Animals,Chordates,Birds,Perching Birds,New World Sparrows,Spizella Sparrows,Brewer's Sparrow
114,9943,bktspa,32343.0,Animalia,Chordata,Aves,Passeriformes,Passerellidae,Amphispiza,bilineata,Amphispiza bilineata,Animals,Chordates,Birds,Perching Birds,New World Sparrows,Amphispiza Sparrows,Black-throated Sparrow
130,474210,amtspa,32421.0,Animalia,Chordata,Aves,Passeriformes,Passerellidae,Spizelloides,arborea,Spizelloides arborea,Animals,Chordates,Birds,Perching Birds,New World Sparrows,,American Tree Sparrow
120,9156,foxspa,32425.0,Animalia,Chordata,Aves,Passeriformes,Passerellidae,Passerella,iliaca,Passerella iliaca,Animals,Chordates,Birds,Perching Birds,New World Sparrows,,Fox Sparrow
76,10094,daejun,32449.0,Animalia,Chordata,Aves,Passeriformes,Passerellidae,Junco,hyemalis,Junco hyemalis,Animals,Chordates,Birds,Perching Birds,New World Sparrows,Juncos,Dark-eyed Junco
132,9176,whcspa,32512.0,Animalia,Chordata,Aves,Passeriformes,Passerellidae,Zonotrichia,leucophrys,Zonotrichia leucophrys,Animals,Chordates,Birds,Perching Birds,New World Sparrows,Zonotrichia Sparrows,White-crowned Sparrow
122,9182,harspa,32523.0,Animalia,Chordata,Aves,Passeriformes,Passerellidae,Zonotrichia,querula,Zonotrichia querula,Animals,Chordates,Birds,Perching Birds,New World Sparrows,Zonotrichia Sparrows,Harris's Sparrow
133,9184,whtspa,32526.0,Animalia,Chordata,Aves,Passeriformes,Passerellidae,Zonotrichia,albicollis,Zonotrichia albicollis,Animals,Chordates,Birds,Perching Birds,New World Sparrows,Zonotrichia Sparrows,White-throated Sparrow
131,10168,vesspa,32542.0,Animalia,Chordata,Aves,Passeriformes,Passerellidae,Pooecetes,gramineus,Pooecetes gramineus,Animals,Chordates,Birds,Perching Birds,New World Sparrows,,Vesper Sparrow
124,437602,lecspa,32546.0,Animalia,Chordata,Aves,Passeriformes,Passerellidae,Ammospiza,leconteii,Ammospiza leconteii,Animals,Chordates,Birds,Perching Birds,New World Sparrows,Marsh Sparrows,LeConte's Sparrow
128,793292,seaspa,32547.0,Animalia,Chordata,Aves,Passeriformes,Passerellidae,Ammospiza,maritima,Ammospiza maritima,Animals,Chordates,Birds,Perching Birds,New World Sparrows,Marsh Sparrows,Seaside Sparrow
126,793286,nstspa,32557.0,Animalia,Chordata,Aves,Passeriformes,Passerellidae,Ammospiza,nelsoni,Ammospiza nelsoni,Animals,Chordates,Birds,Perching Birds,New World Sparrows,Marsh Sparrows,Nelson's Sharp-tailed Sparrow
127,9981,savspa,32569.0,Animalia,Chordata,Aves,Passeriformes,Passerellidae,Passerculus,sandwichensis,Passerculus sandwichensis,Animals,Chordates,Birds,Perching Birds,New World Sparrows,,Savannah Sparrow
113,793284,baispa,32594.0,Animalia,Chordata,Aves,Passeriformes,Passerellidae,Centronyx,bairdii,Centronyx bairdii,Animals,Chordates,Birds,Perching Birds,New World Sparrows,Baird's and Henslow's Sparrows,Baird's Sparrow
123,793285,henspa,32595.0,Animalia,Chordata,Aves,Passeriformes,Passerellidae,Centronyx,henslowii,Centronyx henslowii,Animals,Chordates,Birds,Perching Birds,New World Sparrows,Baird's and Henslow's Sparrows,Henslow's Sparrow
129,9100,sonspa,32601.0,Animalia,Chordata,Aves,Passeriformes,Passerellidae,Melospiza,melodia,Melospiza melodia,Animals,Chordates,Birds,Perching Birds,New World Sparrows,Melospiza Sparrows,Song Sparrow
125,9092,linspa,32634.0,Animalia,Chordata,Aves,Passeriformes,Passerellidae,Melospiza,lincolnii,Melospiza lincolnii,Animals,Chordates,Birds,Perching Birds,New World Sparrows,Melospiza Sparrows,Lincoln's Sparrow
148,9419,gnttow,32712.0,Animalia,Chordata,Aves,Passeriformes,Passerellidae,Pipilo,chlorurus,Pipilo chlorurus,Animals,Chordates,Birds,Perching Birds,New World Sparrows,Typical Towhees,Green-tailed Towhee
21,9424,eastow,32741.0,Animalia,Chordata,Aves,Passeriformes,Passerellidae,Pipilo,erythrophthalmus,Pipilo erythrophthalmus,Animals,Chordates,Birds,Perching Birds,New World Sparrows,Typical Towhees,Eastern Towhee
20,10243,yebcha,32887.0,Animalia,Chordata,Aves,Passeriformes,Icteriidae,Icteria,virens,Icteria virens,Animals,Chordates,Birds,Perching Birds,Yellow-breasted Chats,Yellow-breasted Chats,Yellow-breasted Chat
12,10470,yehbla,32891.0,Animalia,Chordata,Aves,Passeriformes,Icteridae,Xanthocephalus,xanthocephalus,Xanthocephalus xanthocephalus,Animals,Chordates,Birds,Perching Birds,Icterids,,Yellow-headed Blackbird
13,10487,boboli,32892.0,Animalia,Chordata,Aves,Passeriformes,Icteridae,Dolichonyx,oryzivorus,Dolichonyx oryzivorus,Animals,Chordates,Birds,Perching Birds,Icterids,Bobolinks,Bobolink
88,9535,wesmea,32893.0,Animalia,Chordata,Aves,Passeriformes,Icteridae,Sturnella,neglecta,Sturnella neglecta,Animals,Chordates,Birds,Perching Birds,Icterids,Eastern and Western Meadowlarks,Western Meadowlark
97,9325,orcori,33003.0,Animalia,Chordata,Aves,Passeriformes,Icteridae,Icterus,spurius,Icterus spurius,Animals,Chordates,Birds,Perching Birds,Icterids,New World Orioles,Orchard Oriole
96,9319,hooori,33006.0,Animalia,Chordata,Aves,Passeriformes,Icteridae,Icterus,cucullatus,Icterus cucullatus,Animals,Chordates,Birds,Perching Birds,Icterids,New World Orioles,Hooded Oriole
95,9346,balori,33091.0,Animalia,Chordata,Aves,Passeriformes,Icteridae,Icterus,galbula,Icterus galbula,Animals,Chordates,Birds,Perching Birds,Icterids,New World Orioles,Baltimore Oriole
98,9318,scoori,33097.0,Animalia,Chordata,Aves,Passeriformes,Icteridae,Icterus,parisorum,Icterus parisorum,Animals,Chordates,Birds,Perching Birds,Icterids,New World Orioles,Scott's Oriole
10,9744,rewbla,33101.0,Animalia,Chordata,Aves,Passeriformes,Icteridae,Agelaius,phoeniceus,Agelaius phoeniceus,Animals,Chordates,Birds,Perching Birds,Icterids,Agelaius Blackbirds,Red-winged Blackbird
27,10371,shicow,33141.0,Animalia,Chordata,Aves,Passeriformes,Icteridae,Molothrus,bonariensis,Molothrus bonariensis,Animals,Chordates,Birds,Perching Birds,Icterids,Cowbirds,Shiny Cowbird
26,10369,brocow,33150.0,Animalia,Chordata,Aves,Passeriformes,Icteridae,Molothrus,aeneus,Molothrus aeneus,Animals,Chordates,Birds,Perching Birds,Icterids,Cowbirds,Bronzed Cowbird
11,10322,rusbla,33172.0,Animalia,Chordata,Aves,Passeriformes,Icteridae,Euphagus,carolinus,Euphagus carolinus,Animals,Chordates,Birds,Perching Birds,Icterids,Rusty and Brewer's Blackbirds,Rusty Blackbird
9,10325,brebla,33175.0,Animalia,Chordata,Aves,Passeriformes,Icteridae,Euphagus,cyanocephalus,Euphagus cyanocephalus,Animals,Chordates,Birds,Perching Birds,Icterids,Rusty and Brewer's Blackbirds,Brewer's Blackbird
49,9601,botgra,33182.0,Animalia,Chordata,Aves,Passeriformes,Icteridae,Quiscalus,major,Quiscalus major,Animals,Chordates,Birds,Perching Birds,Icterids,Grackles,Boat-tailed Grackle
99,62550,ovenbi1,33269.0,Animalia,Chordata,Aves,Passeriformes,Parulidae,Seiurus,aurocapilla,Seiurus aurocapilla,Animals,Chordates,Birds,Perching Birds,New World Warblers,,Ovenbird
181,72912,woewar1,33273.0,Animalia,Chordata,Aves,Passeriformes,Parulidae,Helmitheros,vermivorum,Helmitheros vermivorum,Animals,Chordates,Birds,Perching Birds,New World Warblers,,Worm-eating Warbler
184,73148,louwat,33275.0,Animalia,Chordata,Aves,Passeriformes,Parulidae,Parkesia,motacilla,Parkesia motacilla,Animals,Chordates,Birds,Perching Birds,New World Warblers,Waterthrushes,Louisiana Waterthrush
183,73149,norwat,33276.0,Animalia,Chordata,Aves,Passeriformes,Parulidae,Parkesia,noveboracensis,Parkesia noveboracensis,Animals,Chordates,Birds,Perching Birds,New World Warblers,Waterthrushes,Northern Waterthrush
166,9807,gowwar,33279.0,Animalia,Chordata,Aves,Passeriformes,Parulidae,Vermivora,chrysoptera,Vermivora chrysoptera,Animals,Chordates,Birds,Perching Birds,New World Warblers,Blue-winged and Golden-winged Warblers,Golden-winged Warbler
161,73553,buwwar,33280.0,Animalia,Chordata,Aves,Passeriformes,Parulidae,Vermivora,cyanoptera,Vermivora cyanoptera,Animals,Chordates,Birds,Perching Birds,New World Warblers,Blue-winged and Golden-winged Warblers,Blue-winged Warbler
159,10286,bawwar,33285.0,Animalia,Chordata,Aves,Passeriformes,Parulidae,Mniotilta,varia,Mniotilta varia,Animals,Chordates,Birds,Perching Birds,New World Warblers,,Black-and-white Warbler
177,10729,prowar,33286.0,Animalia,Chordata,Aves,Passeriformes,Parulidae,Protonotaria,citrea,Protonotaria citrea,Animals,Chordates,Birds,Perching Birds,New World Warblers,,Prothonotary Warbler
178,10442,swawar,33287.0,Animalia,Chordata,Aves,Passeriformes,Parulidae,Limnothlypis,swainsonii,Limnothlypis swainsonii,Animals,Chordates,Birds,Perching Birds,New World Warblers,,Swainson's Warbler
179,979756,tenwar,33295.0,Animalia,Chordata,Aves,Passeriformes,Parulidae,Leiothlypis,peregrina,Leiothlypis peregrina,Animals,Chordates,Birds,Perching Birds,New World Warblers,Leiothlypis Warblers,Tennessee Warbler
173,979757,orcwar,33296.0,Animalia,Chordata,Aves,Passeriformes,Parulidae,Leiothlypis,celata,Leiothlypis celata,Animals,Chordates,Birds,Perching Birds,New World Warblers,Leiothlypis Warblers,Orange-crowned Warbler
172,979753,naswar,33304.0,Animalia,Chordata,Aves,Passeriformes,Parulidae,Leiothlypis,ruficapilla,Leiothlypis ruficapilla,Animals,Chordates,Birds,Perching Birds,New World Warblers,Leiothlypis Warblers,Nashville Warbler
170,145224,mouwar,33328.0,Animalia,Chordata,Aves,Passeriformes,Parulidae,Geothlypis,philadelphia,Geothlypis philadelphia,Animals,Chordates,Birds,Perching Birds,New World Warblers,Yellowthroats and Allies,Mourning Warbler
168,145225,kenwar,33333.0,Animalia,Chordata,Aves,Passeriformes,Parulidae,Geothlypis,formosa,Geothlypis formosa,Animals,Chordates,Birds,Perching Birds,New World Warblers,Yellowthroats and Allies,Kentucky Warbler
200,9721,comyel,33348.0,Animalia,Chordata,Aves,Passeriformes,Parulidae,Geothlypis,trichas,Geothlypis trichas,Animals,Chordates,Birds,Perching Birds,New World Warblers,Yellowthroats and Allies,Common Yellowthroat
167,145229,hoowar,33377.0,Animalia,Chordata,Aves,Passeriformes,Parulidae,Setophaga,citrina,Setophaga citrina,Animals,Chordates,Birds,Perching Birds,New World Warblers,Setophaga Warblers,Hooded Warbler
109,10247,amered,33378.0,Animalia,Chordata,Aves,Passeriformes,Parulidae,Setophaga,ruticilla,Setophaga ruticilla,Animals,Chordates,Birds,Perching Birds,New World Warblers,Setophaga Warblers,American Redstart
163,145231,camwar,33380.0,Animalia,Chordata,Aves,Passeriformes,Parulidae,Setophaga,tigrina,Setophaga tigrina,Animals,Chordates,Birds,Perching Birds,New World Warblers,Setophaga Warblers,Cape May Warbler
164,145232,cerwar,33381.0,Animalia,Chordata,Aves,Passeriformes,Parulidae,Setophaga,cerulea,Setophaga cerulea,Animals,Chordates,Birds,Perching Birds,New World Warblers,Setophaga Warblers,Cerulean Warbler
169,145235,magwar,33399.0,Animalia,Chordata,Aves,Passeriformes,Parulidae,Setophaga,magnolia,Setophaga magnolia,Animals,Chordates,Birds,Perching Birds,New World Warblers,Setophaga Warblers,Magnolia Warbler
158,145236,babwar,33401.0,Animalia,Chordata,Aves,Passeriformes,Parulidae,Setophaga,castanea,Setophaga castanea,Animals,Chordates,Birds,Perching Birds,New World Warblers,Setophaga Warblers,Bay-breasted Warbler
182,145238,yelwar,33404.0,Animalia,Chordata,Aves,Passeriformes,Parulidae,Setophaga,petechia,Setophaga petechia,Animals,Chordates,Birds,Perching Birds,New World Warblers,Setophaga Warblers,Yellow Warbler
165,145239,chswar,33446.0,Animalia,Chordata,Aves,Passeriformes,Parulidae,Setophaga,pensylvanica,Setophaga pensylvanica,Animals,Chordates,Birds,Perching Birds,New World Warblers,Setophaga Warblers,Chestnut-sided Warbler
160,199916,btbwar,33451.0,Animalia,Chordata,Aves,Passeriformes,Parulidae,Setophaga,caerulescens,Setophaga caerulescens,Animals,Chordates,Birds,Perching Birds,New World Warblers,Setophaga Warblers,Black-throated Blue Warbler
174,145242,palwar,33458.0,Animalia,Chordata,Aves,Passeriformes,Parulidae,Setophaga,palmarum,Setophaga palmarum,Animals,Chordates,Birds,Perching Birds,New World Warblers,Setophaga Warblers,Palm Warbler
175,145244,pinwar,33463.0,Animalia,Chordata,Aves,Passeriformes,Parulidae,Setophaga,pinus,Setophaga pinus,Animals,Chordates,Birds,Perching Birds,New World Warblers,Setophaga Warblers,Pine Warbler
171,145245,yerwar,33469.0,Animalia,Chordata,Aves,Passeriformes,Parulidae,Setophaga,coronata,Setophaga coronata,Animals,Chordates,Birds,Perching Birds,New World Warblers,Setophaga Warblers,Yellow-rumped Warbler
176,145249,prawar,33490.0,Animalia,Chordata,Aves,Passeriformes,Parulidae,Setophaga,discolor,Setophaga discolor,Animals,Chordates,Birds,Perching Birds,New World Warblers,Setophaga Warblers,Prairie Warbler
162,145275,canwar,33642.0,Animalia,Chordata,Aves,Passeriformes,Parulidae,Cardellina,canadensis,Cardellina canadensis,Animals,Chordates,Birds,Perching Birds,New World Warblers,,Canada Warbler
180,145276,wlswar,33643.0,Animalia,Chordata,Aves,Passeriformes,Parulidae,Cardellina,pusilla,Cardellina pusilla,Animals,Chordates,Birds,Perching Birds,New World Warblers,,Wilson's Warbler
140,9915,sumtan,33729.0,Animalia,Chordata,Aves,Passeriformes,Cardinalidae,Piranga,rubra,Piranga rubra,Animals,Chordates,Birds,Perching Birds,Cardinals and Allies,Northern Tanagers,Summer Tanager
139,9921,scatan,33733.0,Animalia,Chordata,Aves,Passeriformes,Cardinalidae,Piranga,olivacea,Piranga olivacea,Animals,Chordates,Birds,Perching Birds,Cardinals and Allies,Northern Tanagers,Scarlet Tanager
17,9083,norcar,33811.0,Animalia,Chordata,Aves,Passeriformes,Cardinalidae,Cardinalis,cardinalis,Cardinalis cardinalis,Animals,Chordates,Birds,Perching Birds,Cardinals and Allies,Typical Cardinals,Northern Cardinal
57,10271,robgro,33853.0,Animalia,Chordata,Aves,Passeriformes,Cardinalidae,Pheucticus,ludovicianus,Pheucticus ludovicianus,Animals,Chordates,Birds,Perching Birds,Cardinals and Allies,Typical Cardinal-Grosbeaks,Rose-breasted Grosbeak
54,73155,blugrb1,33895.0,Animalia,Chordata,Aves,Passeriformes,Cardinalidae,Passerina,caerulea,Passerina caerulea,Animals,Chordates,Birds,Perching Birds,Cardinals and Allies,North American Buntings,Blue Grosbeak
15,10234,lazbun,33903.0,Animalia,Chordata,Aves,Passeriformes,Cardinalidae,Passerina,amoena,Passerina amoena,Animals,Chordates,Birds,Perching Birds,Cardinals and Allies,North American Buntings,Lazuli Bunting
14,10227,indbun,33904.0,Animalia,Chordata,Aves,Passeriformes,Cardinalidae,Passerina,cyanea,Passerina cyanea,Animals,Chordates,Birds,Perching Birds,Cardinals and Allies,North American Buntings,Indigo Bunting
16,10224,paibun,33917.0,Animalia,Chordata,Aves,Passeriformes,Cardinalidae,Passerina,ciris,Passerina ciris,Animals,Chordates,Birds,Perching Birds,Cardinals and Allies,North American Buntings,Painted Bunting
